word,wikiID
increase,Q1660986
capital,Q3916071
stock,Q1196314
director,Q3708947
company,Q783794
share,Q399476
meeting,Q2761147
board,Q268146
shareholder,Q381136
market,Q1277907
terminal,Q210481
year,Q577
time,Q11471
cost,Q240673
sale,Q6495050
computer,Q68
right,Q780687
dot,Q353294
holding,Q5879690
printer,Q10953985
reorganization,Q1728583
form,Q1235072
plan,Q1371819
product,Q95124485
system,Q58778
impact,Q400416
licensee,Q6543058
operation,Q209577
delivery,Q3705086
purchase,Q1369832
warrant,Q452800
dlrs,-1
ticket,Q454839
condition,Q417488
circumstance,Q5121762
technology,Q11016
price,Q160151
reuter,Q29947926
gain,Q424707
loan,Q189539
asset,Q46737
tax,Q8161
ct,Q225590
deposit,Q764844
shr,-1
dividend,Q181201
loss,Q1692143
payment,Q1148747
carryforward,-1
mth,-1
result,Q2995644
note,Q2002118
cts,-1
period,Q672154
profit,Q2112047
projection,Q6502279
food,Q2095
quarter,Q1437134
performance,Q35140
vegetable,Q11004
line,Q15878761
range,Q438399
dairy,Q637776
analyst,Q5669212
effect,Q252022
earning,Q5326939
acquisition,Q420708
project,Q170584
benefit,Q444986
improvement,Q21255975
b,Q9705
holder,Q1624408
reason,Q178354
flow,Q8961886
bit,Q8805
pct,Q350108
split,Q233272
cash,Q693464
class,Q3679160
outlook,Q398496
charge,Q77076
up,Q219266
rate,Q346589
month,Q5151
record,Q399857
today,Q348420
restructuring,Q1376796
stockholder,Q381136
revs,Q415967
adjustment,Q41441174
business,Q4830453
life,Q3
pay,Q564046
language,Q315
economy,Q159810
growth,Q233646
equity,Q353342
interest,Q170924
thousand,Q43016
knight,Q102083
care,Q969439
waste,Q45701
statement,Q1456029
contact,Q394963
announcement,Q16252522
attack,Q343634
application,Q294834
garden,Q1107656
tender,Q230266
official,Q599151
inc,Q341678
hand,Q33767
base,Q575724
distribution,Q225802
dollar,Q14083
bid,Q342078
management,Q2920921
surprise,Q180210
opening,Q411189
afternoon,Q283102
bidder,Q3276328
customer,Q852835
lawn,Q207766
resist,Q7315582
snyder,Q253980
value,Q5189153
cover,Q235962
service,Q232576
reversal,Q7318167
debt,Q3196867
inflation,Q35865
situation,Q342306
bank,Q22687
surplus,Q3505433
target,Q230479
crisis,Q381072
anniversary,Q1062856
shortage,Q1337691
import,Q62955
halt,Q1292638
currency,Q8142
economist,Q188094
account,Q231010
trade,Q601401
export,Q182722
country,Q6256
waiting,Q534423
end,Q16220058
canal,Q12284
north,Q659
day,Q573
transit,Q228647
tomorrow,Q397392
backlog,Q4839689
vessel,Q6661273
ship,Q11446
tanker,Q1050314
agency,Q232353
unit,Q1487317
income,Q1527264
fund,Q16831479
mortgage,Q1210094
payout,-1
order,Q2029226
introduction,Q1387137
pace,Q1115199
engineering,Q11023
expenditure,Q13516686
division,Q16278392
decline,Q5249503
subsidiary,Q658255
prospect,Q233964
research,Q42240
development,Q340724
operating,Q209577
revenue,Q850210
comparison,Q1720648
dealer,Q3053309
session,Q362310
freight,Q319224
yesterday,Q240734
quote,Q1603129
week,Q23387
call,Q407264
level,Q251898
demand,Q4402708
barge,Q16518
point,Q4166892
percentage,Q11229
taxis,Q949618
pipeline,Q250434
transaction,Q279242
net,Q16877945
power,Q398902
territory,Q183366
pressure,Q39552
energy,Q11379
custom,Q362023
process,Q229289
pulp,Q226601
petrochemical,Q1364904
industry,Q8148
utility,Q466707
oil,Q42962
group,Q654302
gas,Q11432
march,Q110
amount,Q309314
merger,Q731112
exchange,Q416020
telephone,Q11035
co,Q210804
figure,Q227737
name,Q82799
peso,Q244696
distance,Q126017
declaration,Q351631
div,Q298971
firm,Q783794
cyclop,Q128430
stake,Q2082178
investment,Q4290
cent,Q224006
president,Q63532478
road,Q34442
fact,Q188572
change,Q226455
option,Q397164
other,Q2873063
premium,Q343238
sell,Q1247670
sense,Q173253
position,Q299964
lane,Q3222002
boost,Q446964
way,Q414987
chairman,Q140686
ability,Q20655516
water,Q283
officer,Q61022630
security,Q2526135
place,Q1794067
mark,Q6016699
brokerage,Q160117
term,Q3984436
total,Q352850
volume,Q39297
enhance,Q5378767
rumor,Q878352
lift,Q340812
comment,Q10953930
component,Q226635
activity,Q241636
exposure,Q210027
spinoff,Q283308
constitute,-1
questioned,Q3207383
talk,Q202069
selling,Q194189
move,Q297869
future,Q344
part,Q414241
spinning,Q229949
center,Q62207
kind,Q1178576
bilion,Q41650356
steel,Q11427
show,Q2934264
grain,Q2995529
car,Q1420
mill,Q4761205
railroad,Q3565868
purpose,Q706622
wrather,Q8037623
reduction,Q225229
shamrock,Q1247368
spokeswoman,Q17221
light,Q9128
dia,Q226771
contract,Q93288
barrel,Q10289
organization,Q43229
swing,Q224088
toy,Q11422
return,Q264890
coleco,Q954124
profitability,Q26911
post,Q367026
closing,Q5135431
singer,Q27939
cause,Q179289
report,Q10870555
analysis,Q217602
request,Q1906515
program,Q768396
government,Q7188
certificate,Q19689241
accounting,Q4116214
fire,Q3196
expansion,Q253338
budget,Q41263
decrease,Q5249659
administration,Q304157
fuel,Q42501
source,Q224772
office,Q12823105
study,Q340383
cert,Q344507
writedown,Q5551716
agreement,Q342425
supply,Q11827939
output,Q2042052
initiative,Q660064
issue,Q1247982
manager,Q2920921
interview,Q178651
excess,Q342787
production,Q663143
cutting,Q196751
pact,Q321839
associate,Q19671913
world,Q16502
buyer,Q1308239
bpd,Q437587
emergency,Q5070802
optimism,Q485446
sort,Q347599
winter,Q1311
seeing,Q7445743
slide,Q365096
differential,Q241623
advantage,Q1903435
address,Q319608
movement,Q3326911
control,Q417861
problem,Q730920
principal,Q423044
reserve,Q253054
property,Q1400881
book,Q571
foot,Q15807
produce,Q1913301
approval,Q4781747
payable,Q250058
debenture,Q1378829
portion,Q7231827
rev,Q415967
vice,Q1411242
deal,Q408711
faith,Q5410500
exclude,Q16903610
detail,Q1184933
principle,Q211364
equipment,Q779859
grade,Q1541208
posting,Q367026
canadian,Q1196645
marathon,Q40244
bbl,Q178506
crude,Q5189833
maker,Q6739267
circuit,Q474704
mail,Q49845
oper,Q7096561
datum,Q42848
estimate,Q791801
petroleum,Q22656
unitholder,-1
engineer,Q81096
restaurant,Q11707
recurring,Q7303272
proceed,Q96389934
finance,Q43015
people,Q2472587
state,Q15622206
body,Q615806
depositor,Q10948641
saving,Q319622
follow,Q5464688
enterprise,Q218846
resolve,Q7315710
introduce,Q1387137
bureau,Q409814
corporation,Q167037
determine,Q5265697
institution,Q178706
coupon,Q11034548
bond,Q683365
use,Q95377384
banker,Q22687
cut,Q20659690
lending,Q189539
treasury,Q10756188
policy,Q1156854
reference,Q121769
quota,Q970793
nation,Q6266
facility,Q346146
trader,Q3536375
organisation,Q43229
none,Q395712
review,Q265158
member,Q7602551
refining,Q682483
marketing,Q39809
network,Q20830730
difficulty,Q2257515
weakness,Q633403
challenge,Q6554155
producer,Q27887
self,Q3236990
ecuador,Q736
deregulation,Q902410
capacity,Q215044
counter,Q247144
monopoly,Q43637
direction,Q344762
support,Q340406
indication,Q451942
commodity,Q317088
balance,Q1911050
momentum,Q41273
set,Q235028
election,Q40231
calendar,Q12132
reform,Q900406
regard,Q16869132
plant,Q756
plastic,Q11474
construction,Q385378
fall,Q1314
area,Q11500
restriction,Q343228
adviser,Q2994387
embassy,Q213283
series,Q2917506
measure,Q11052334
lead,Q708
continuation,Q1128903
agriculture,Q11451
sector,Q227911
uncertainty,Q13649246
spot,Q250827
trading,Q601401
riyal,Q5483798
weekend,Q30722989
interbank,Q2835558
lack,Q1799745
deficit,Q2682765
limit,Q246639
expectation,Q74013814
relieve,Q226168
department,Q11681054
sign,Q3695082
communication,Q11024
ceiling,Q221706
trend,Q341344
determination,Q21168708
transport,Q7590
protect,Q2251595
shortfall,-1
head,Q23640
electricity,Q12725
defence,Q10264721
housing,Q1247867
allocation,Q343527
building,Q41176
education,Q8434
decade,Q39911
instrument,Q225829
family,Q8436
depth,Q181591
bahrain,Q398
reluctance,Q863390
establishment,Q65045905
reporting,Q7314162
requirement,Q774228
region,Q82794
lag,Q1347898
authority,Q174834
vehicle,Q42889
incorporation,Q346330
flotation,Q1163507
recovery,Q448645
category,Q224414
underwriting,Q1898080
absence,Q332237
regulation,Q428148
metal,Q11426
azzam,Q18819868
extent,Q5421978
financial,Q43015
investor,Q557880
addition,Q32043
gcc,Q235819
estate,Q400001
offering,Q1179254
disclosure,Q11089591
money,Q1368
law,Q7748
standard,Q1640121
citizen,Q42138
recession,Q176494
turmoil,Q7855605
remark,Q1496085
adherence,Q88075159
season,Q24384
accord,Q339410
force,Q11402
architect,Q42973
fundamental,Q411820
pricing,Q2516951
suspension,Q233293
meet,Q6807738
arrear,Q2406150
fluctuation,Q5462624
aid,Q2827815
auction,Q177923
planning,Q309100
devaluation,Q220788
worker,Q13440398
forecast,Q2234476
affiliate,Q382466
yen,Q8146
appreciation,Q10855101
spokesman,Q17221
zone,Q219877
throughput,Q1383412
scheme,Q4172608
storage,Q13108060
jump,Q611862
lifting,Q6545676
restraint,Q2995534
test,Q224615
average,Q202785
partner,Q246166
refinery,Q1867977
telecommunication,Q418
rise,Q413593
competition,Q476300
field,Q257765
factor,Q1393757
telecommunications,Q418
container,Q987767
handle,Q200266
work,Q188561
tonne,Q191118
port,Q44782
foundation,Q227744
offer,Q1474278
bonus,Q409597
speculation,Q107885
financier,Q557880
wallenberg,Q2113442
crown,Q170984
heart,Q1072
buying,Q601401
voting,Q189760
match,Q37507
empire,Q48349
arm,Q43471
core,Q232469
completion,Q1651094
p,Q9946
r,Q9852
section,Q189171
rationalisation,Q298256
manufacturing,Q187939
borrowing,Q406759
liberalisation,Q746418
discount,Q5281730
example,Q29864097
maturity,Q1182691
cd,Q34467
fee,Q11765
exco,Q16782164
broker,Q160117
permission,Q1175919
c,Q9820
obligation,Q2648051
shipping,Q651658
turnover,Q13368077
broking,Q160117
rmj,-1
software,Q7397
basis,Q406248
decree,Q2571972
fight,Q650711
priority,Q2110909
sanction,Q407075
spending,Q192270
action,Q343542
bidding,Q3276328
frustration,Q192242
university,Q3918
intention,Q706622
cabinet,Q1024843
protectionist,Q179073
complaint,Q836925
bargaining,Q1401706
stop,Q924703
statistic,Q1949963
imbalance,Q3540864
bill,Q257022
practice,Q3401405
progress,Q2351730
procedure,Q14167404
tariff,Q52389
credit,Q182076
implication,Q1215266
stimulate,Q4114622
leverage,Q401502
variety,Q19623879
exporter,Q182722
machine,Q11019
side,Q395237
structure,Q6671777
minute,Q7727
access,Q338902
seller,Q194189
draft,Q361482
discussion,Q52943
consumer,Q22855
presence,Q62395707
television,Q289
coordination,Q399555
implementation,Q245962
minister,Q346786
newspaper,Q11032
item,Q425159
delegation,Q1184065
island,Q23442
speed,Q3711325
tool,Q39546
cavendish,Q691315
criticism,Q17955
morning,Q7722
colony,Q133156
spin,Q229949
decision,Q973405
drive,Q4167568
micro,Q254624
disc,Q224358
enhancement,Q1343050
supplier,Q7644488
consideration,Q1344851
strategy,Q185451
help,Q20033
employee,Q656365
need,Q190258
shearson,Q17110160
margin,Q5557864
acceptance,Q424543
number,Q11563
negotiation,Q202875
lender,Q157165
liability,Q1218236
limitation,Q1590843
load,Q1530792
satisfy,Q27792627
difference,Q75101527
owner,Q6498684
damage,Q481609
claim,Q1094717
reviewing,Q265158
closure,Q256472
purolator,Q7261370
mulling,-1
courier,Q848466
takeover,Q1416898
aggregate,Q235025
financing,Q6055890
competitor,Q476300
auto,Q4826044
retain,Q7276393
third,Q10861399
expiration,Q3062108
pc,Q190685
tank,Q12876
air,Q3230
franc,Q1403377
parent,Q7566
hotel,Q27686
venture,Q2513043
biltmore,Q863362
omit,Q7090216
participation,Q1178827
amusement,Q2844542
withdrawal,Q28469944
sum,Q407074
manufacturer,Q187939
transfer,Q257559
view,Q419329
airport,Q1248784
k,Q9922
reporter,Q1930187
h,Q9914
proposal,Q2534388
stability,Q392536
contribution,Q237302
land,Q11081619
revision,Q341284
receive,Q347500
committee,Q865588
fraction,Q66055
ownership,Q6498684
response,Q1650182
traffic,Q4323994
vote,Q189760
wtc,Q410664
date,Q16997
party,Q200538
refusal,Q7307702
elimination,Q246947
mining,Q44497
retirement,Q946865
provision,Q16881471
store,Q1137469
drs,Q83877
wood,Q287
disposition,Q1149305
whittaker,Q21507202
defer,Q5251497
person,Q215627
entity,Q8776407
grace,Q295047
diligence,Q1427962
buyout,Q3647770
ratio,Q3481047
glass,Q11469
corning,Q231931
prospectus,Q7250849
nugget,Q1438694
reverse,Q3428494
mln,Q2004493
nursery,Q7070218
acre,Q81292
trust,Q226283
effort,Q3049084
resort,Q875157
u,Q9747
risk,Q104493
technique,Q211857
consumption,Q5164758
exploration,Q6502154
scale,Q393789
suit,Q614806
patent,Q253623
settlement,Q1247845
information,Q11028
confidentiality,Q2476929
rival,Q1139327
commitment,Q5152896
redstone,Q423667
raise,Q7285081
document,Q49848
face,Q37017
chain,Q2397485
war,Q198
operator,Q228588
press,Q2108886
conference,Q348914
authorization,Q788590
lira,Q7995739
resource,Q1554231
device,Q18960408
departure,Q410104
route,Q415384
union,Q227388
carbide,Q241906
approach,Q4781711
specialty,Q7574930
chemical,Q79529
attitude,Q758200
branch,Q2923673
card,Q295121
visa,Q229055
subsidy,Q193219
cargo,Q319224
protest,Q273120
dispute,Q5282690
workforce,Q13440398
redundancy,Q375728
deadline,Q343285
employer,Q656365
strike,Q302908
tonight,Q399469
expense,Q13516686
gold,Q897
possibility,Q7233418
rule,Q230037
health,Q12147
filing,Q1196501
wedge,Q131408
concern,Q5158445
midnight,Q36402
complete,Q178518
paragraph,Q194431
film,Q11424
distributor,Q1459069
entertainment,Q173799
release,Q351889
heat,Q44432
cronus,Q44204
extension,Q295785
icebreaker,Q14978
versatile,Q7922640
intent,Q706622
assurance,Q234378
passage,Q257010
letter,Q293618
employment,Q656365
ice,Q23392
insurance,Q43183
shipbuilding,Q474200
convenience,Q5166129
acquirer,Q342551
start,Q257117
obtain,-1
terminate,Q7702782
benequity,-1
thrift,Q2429543
yield,Q596465
ziering,Q21487971
manufacture,Q187939
penetration,Q367837
drug,Q8386
convergent,Q2996392
hour,Q25235
arrangement,Q379755
liquidity,Q184783
hedge,Q235779
executive,Q1166374
news,Q38926
diagnostic,Q16644043
confidence,Q4116378
rospatch,-1
edge,Q218743
theater,Q11635
player,Q353589
package,Q407770
word,Q8171
sheet,Q1214119
sumner,Q296293
material,Q214609
license,Q79719
subscriber,Q43006303
arbitrage,Q273088
station,Q34700
timing,Q450809
cable,Q1796060
recommendation,Q3422023
satellite,Q26540
arbitrageur,Q273088
franchise,Q366459
radio,Q872
barrier,Q406977
banking,Q22687
acid,Q11158
sovereignty,Q42008
summer,Q1313
population,Q2625603
duty,Q878070
cooperation,Q380962
permit,Q7169346
lumber,Q1370714
size,Q322481
broadcasting,Q15078788
association,Q2864132
rejection,Q322280
competitiveness,Q1178401
productivity,Q2111958
negotiator,Q15702057
location,Q2221906
announce,-1
event,Q1297532
combination,Q202805
reject,Q322280
retrieval,Q968112
nature,Q7860
engage,Q5377393
animal,Q729
int,Q296671
mineral,Q7946
l,Q9927
farm,Q131596
age,Q416981
advertising,Q37038
syndicate,Q681615
silver,Q1090
outcome,Q7111908
pretax,Q5413454
advisor,Q2994387
chance,Q349043
turnaround,Q1181552
try,Q407077
bass,Q227155
segment,Q258480
representation,Q249614
hospital,Q16917
majority,Q7382648
type,Q2463013
amca,-1
bridge,Q12280
dominion,Q223832
focus,Q218275
inventory,Q815410
top,Q23856
suitor,Q376596
developer,Q409857
user,Q258567
aerospace,Q2876213
transportation,Q7590
horizon,Q43261
packaging,Q207822
tire,Q169545
replacement,Q396788
rubber,Q131877
shelf,Q1175677
consider,Q5163182
court,Q41487
framework,Q1289773
trace,Q296103
greece,Q41
partnership,Q728646
raider,Q413177
swap,Q230234
behalf,Q22670946
client,Q16278284
redeem,Q125331
retailer,Q126793
enforcement,Q4202277
usage,Q1308274
investigator,Q5016658
knowledge,Q9081
sugarman,Q48549120
violation,Q7933104
attorney,Q1289214
tre,Q360936
attempt,Q29142
jefferie,-1
job,Q192581
guarantee,Q16246919
spring,Q19304
percent,Q11229
seafarer,Q45199
go,Q219221
crew,Q345844
hope,Q190507
elaborate,-1
cartel,Q179216
refiner,Q1867977
weather,Q11663
underwriter,Q1898080
exercise,Q219067
battery,Q810949
placement,Q2097870
pratt,Q12799360
depreciation,Q114403
minority,Q395499
house,Q3947
doubt,Q34302
licence,Q79719
exploit,Q1219664
gap,Q224083
case,Q229806
grey,Q42519
chip,Q239607
chipmaker,Q4168959
reduce,Q225229
semiconductor,Q11456
microchip,Q80831
debit,Q1120961
capitalisation,Q425951
floating,Q17128870
touch,Q328835
chief,Q412365
philippine,Q928
thing,Q12452291
oppose,Q223894
success,Q15808312
secretary,Q80687
respond,Q7315940
slump,Q6133020
want,Q26256512
question,Q189756
con,Q394206
salina,Q233325
seminar,Q504703
cra,-1
zinc,Q758
exception,Q538934
imputation,Q1660475
legislation,Q49371
revaluation,Q872745
coal,Q24489
volatility,Q291383
potential,Q1202245
respect,Q28510
speech,Q52946
ease,Q5327484
article,Q111478
dozen,Q605704
paper,Q11472
opportunity,Q1213374
preference,Q908656
good,Q15290
inaccurate,-1
diplomat,Q193391
guidance,Q5615391
businessman,Q43845
peking,Q956
status,Q1327819
treatment,Q347910
membership,Q7602551
editorial,Q871232
influence,Q1161331
willingness,Q1441519
curb,Q37442
memorandum,Q660651
labour,Q6120474
role,Q214339
pool,Q388317
restrain,Q2995534
table,Q14749
fertiliser,Q83323
city,Q515
flight,Q206021
ultramar,Q3548078
night,Q575
underwood,Q2493060
woolworth,Q356167
stg,-1
pre,Q442627
guilde,-1
site,Q1199068
reputation,Q877546
evergo,-1
representative,Q3427349
battle,Q178561
peninsula,Q34763
strength,Q177204
cenergy,-1
bryson,Q418779
alter,Q411459
break,Q345491
stance,Q7598019
guilder,Q203607
reach,Q526688
method,Q28146826
seat,Q2207370
brewery,Q131734
consortium,Q194166
brewing,Q869095
magazine,Q41298
default,Q349724
concession,Q1221457
repayment,-1
receivable,Q328554
restructure,-1
lease,Q716894
cross,Q40843
connection,Q569320
equatorial,Q255582
affair,Q1772698
sub,Q438656
rice,Q5090
primary,Q408429
resolution,Q6593274
auditor,Q10949665
amend,Q462088
compensation,Q359765
revise,Q7318420
logic,Q8078
supermarket,Q180846
drop,Q404877
disposal,Q5282663
completing,Q178518
dilution,Q16033661
stauffer,Q21451955
household,Q259059
chesebrough,Q29831087
launch,Q596866
realise,Q1205736
guideline,Q1630279
accordance,Q339415
accountant,Q326653
display,Q1229206
video,Q34508
tech,Q3516794
receipt,Q330190
parity,Q182627
contest,Q1128697
buy,Q237054
termination,Q2404880
pension,Q156223
intervention,Q365681
lire,Q410708
consulting,Q15978655
platform,Q224617
agent,Q137372
beauty,Q7242
quality,Q298413
evaluation,Q1379672
half,Q2114394
image,Q478798
science,Q336
dealing,Q5245917
shipment,Q651658
arrange,Q65088983
repurchase,Q169357
combine,Q16280603
staff,Q354769
correction,Q400925
borrower,Q157470
servicing,Q7455859
pantera,Q180880
pizza,Q177
electronic,Q16278455
lifetime,Q6453261
recognition,Q13725110
scandal,Q192909
ground,Q14493119
textile,Q28823
conflict,Q400889
retaliation,Q1712140
congressman,Q14761450
retaliate,Q1712140
adoption,Q180472
printing,Q11034
fairness,Q10854248
protectionism,Q179073
message,Q628523
identic,-1
resignation,Q796919
anacomp,Q4750689
datagraphix,-1
dynamic,Q30085855
exchequer,Q2408803
list,Q162032
lesser,Q21449105
look,Q349894
parliament,Q35749
stephen,Q4927100
ecgd,-1
clearance,Q442943
favor,Q347719
builder,Q1002999
norrell,Q20997504
proxy,Q416543
registration,Q217425
consummation,Q381344
solicit,Q2785824
broadcast,Q15078788
philip,Q733021
transmission,Q16279981
butler,Q833899
carrier,Q1546441
protection,Q2251595
club,Q182949
bmy,-1
retail,Q126793
passenger,Q319604
helicopter,Q34486
aircraft,Q11436
pooling,Q388317
downturn,Q176494
plane,Q966960
rca,Q218038
jet,Q225807
rent,Q1414725
engine,Q44167
airline,Q46970
heymann,Q21450635
element,Q180750
turn,Q411785
notice,Q7063001
amr,Q226337
trouble,Q396540
environment,Q1572519
merchandise,Q740777
shop,Q736272
retailing,Q126793
compete,Q476300
cosmetic,Q5174008
failure,Q1121708
apparel,Q11460
dime,Q423601
acquire,Q342547
payroll,Q59434791
goodyear,Q249763
motor,Q44167
specialist,Q64512396
independence,Q37055
mercer,Q253705
raid,Q348465
harm,Q15098235
crop,Q235352
farmer,Q131512
lot,Q215020
bulk,Q343050
acreage,Q81292
feed,Q258692
winterkill,-1
livestock,Q103459
soviet,Q15180
temperature,Q11466
cement,Q45190
sea,Q165
brent,Q227263
deputy,Q1191967
mission,Q224783
spark,Q243457
opinion,Q3962655
assistance,Q1179505
saudi,Q3950871
fear,Q44619
pick,Q12410582
rally,Q441621
margoshe,-1
believe,Q396128
slack,Q1904950
seaman,Q420125
furniture,Q14745
telxon,Q603253
adding,Q32043
gasoline,Q39558
well,Q43483
royalty,Q405415
regulator,Q2138845
th,Q224453
divest,Q1200733
founder,Q5474587
distillate,Q101017
wine,Q282
gallon,Q178413
magnate,Q903810
generate,Q5532546
panel,Q257444
team,Q327245
advocate,Q380075
stage,Q360797
investing,Q4290
issuance,Q852175
kaneb,-1
hold,Q1624316
wellemeyer,-1
audit,Q181487
version,Q16280097
row,Q241124
erosion,Q80026
conservation,Q342041
invest,Q4290
data,Q42848
worry,Q1436482
contracting,Q93288
contractor,Q760088
threat,Q707125
sharing,Q459221
phase,Q4555
defense,Q10264721
rockwell,Q228898
automation,Q184199
incentive,Q1414816
depending,-1
conversion,Q235969
postpone,-1
bell,Q101401
foresee,Q14595968
writeoff,Q5551716
lawsuit,Q697327
seed,Q40763
severance,Q440550
documentation,Q788790
timber,Q1370714
labor,Q6120474
depend,Q183545
sawmill,Q505213
game,Q11410
peseta,Q398542
home,Q7743
grant,Q219140
community,Q177634
context,Q1382703
boot,Q190868
ski,Q172226
stick,Q12299433
liquidating,-1
instrumentation,Q1770203
autumn,Q1314
likelihood,Q45284
rain,Q7925
matter,Q35758
dlr,Q258378
quarterly,Q41298
flexibility,Q569057
suggestion,Q690194
refund,Q18393868
propose,Q2534388
hammer,Q25294
experience,Q164359
search,Q1267283
aide,Q13662955
chapter,Q237306
recapitalization,Q3735938
injection,Q226329
drilling,Q890886
inland,Q863924
rig,Q560418
justify,Q16800501
exploratory,Q5421348
steam,Q3251738
rest,Q1270500
stripper,Q1141526
appointment,Q4781628
harvest,Q213753
task,Q1179464
simple,Q421718
hectare,Q35852
safeway,Q3188352
exemption,Q3099327
million,Q38526
boat,Q35872
outboard,Q789774
preparation,Q3409038
rha,Q396143
machinery,Q11019
importer,Q62955
park,Q22698
insurer,Q43183
casualty,Q2941545
nutrition,Q2138622
debate,Q179875
council,Q4358176
monitor,Q157119
funding,Q6055890
w,Q9964
asbestec,-1
consultation,Q1782558
briefing,Q914068
stress,Q227644
buyback,Q15621275
truck,Q43193
curtail,-1
wind,Q8094
reaction,Q69314267
transition,Q405416
think,Q9420
model,Q234018
valuation,Q365832
parsow,Q7140084
erc,Q137820
relation,Q230259
utilization,Q63676257
style,Q224350
put,Q418473
roach,Q420684
journalist,Q1930187
expecting,Q16782178
petrole,-1
francaise,Q4492684
cie,Q352211
recover,Q448645
lawmaker,Q4175034
nugent,Q243265
hearing,Q160289
commission,Q1780244
calculation,Q622821
guinn,Q56246185
opposition,Q223894
justice,Q5167661
hike,Q243403
tea,Q6097
coffee,Q8486
shareholding,Q381136
renewal,Q2143919
speculate,Q107885
versus,Q295587
danaher,Q21431228
poison,Q40867
usair,Q208046
pill,Q346986
aviation,Q765633
pie,Q13360264
appeal,Q329777
litigation,Q697327
down,Q230112
repay,-1
separation,Q360590
declare,Q5249488
banner,Q806880
step,Q594799
picture,Q478798
channel,Q425520
motion,Q79782
studio,Q746628
counsel,Q17131110
viacom,Q66237878
medium,Q225664
inquiry,Q21004260
channon,Q5072558
confrontation,Q65089988
brink,Q1535464
negotiating,Q202875
sight,Q162668
fat,Q127980
delay,Q352862
general,Q83460
trial,Q8016240
southeast,Q11114344
contingency,Q477354
accomplish,-1
objective,Q341954
mix,Q250391
arbitrager,-1
insider,Q1664551
piedmont,Q1216
yeutter,-1
trip,Q354955
wheat,Q15645384
rexnord,Q28207096
subcommittee,Q865588
discontinuing,-1
citgo,Q2974437
bearing,Q15854263
weight,Q25288
build,Q1002975
ton,Q11247037
shipbuilder,Q474200
fix,Q436305
resistance,Q22114637
portfolio,Q79407829
leader,Q484275
forecasting,Q7216332
mainstay,Q6736742
hundred,Q37413
advance,Q299086
individual,Q795052
beneficiary,Q2596417
levy,Q4459167
proof,Q30762
supercomputer,Q121117
encourage,Q1137632
saying,Q3026787
cooperate,Q380962
polish,Q346127
mfn,-1
expert,Q381160
reality,Q9510
entry,Q5380814
assessment,Q741306
play,Q397813
creditor,Q157165
regain,Q1536095
spotlight,Q402365
link,Q224246
breakdown,Q449501
envoy,Q5381413
superpower,Q1489259
stand,Q342013
survey,Q1510180
inability,-1
overproduction,Q333076
correspondent,Q1155838
objection,Q3348126
explanation,Q7958
injunction,Q6495575
consent,Q231043
defendant,Q159394
hughe,Q1634657
divestiture,Q1200733
diamond,Q5283
maximum,Q845060
telephonique,-1
privatisation,Q161500
cgct,-1
centre,Q62207
ministry,Q395372
schneider,Q225038
snow,Q7561
relief,Q245117
recommend,Q3422023
proration,Q3386209
run,Q234328
begin,Q353947
sterling,Q227609
pound,Q228907
dieter,Q15883397
pipe,Q234455
reply,Q8018506
mannesmann,Q674911
pursue,Q3925982
proportion,Q402870
publication,Q732577
know,Q9081
sacrifice,Q179723
unemployment,Q41171
execution,Q8454
repair,Q1043452
boliden,Q891347
overtime,Q667022
anticipation,Q255266
bargain,Q2248346
refractory,Q1123417
pepsico,Q334800
multi,Q436163
fraud,Q28813
disruption,Q5282723
surveillance,Q334401
assess,Q741306
finding,Q535119
shad,Q2650600
adequacy,-1
combat,Q650711
compliance,Q441901
warning,Q3566377
hardship,Q5656321
indicator,Q226621
defend,Q247001
refrain,Q191609
spite,Q7578285
surface,Q55634432
psa,Q226496
off,Q240349
tone,Q344272
drain,Q441549
fortune,Q233547
course,Q250925
yearend,-1
warehouse,Q181623
integration,Q224621
liquidation,Q885621
maximize,Q845060
lande,Q423977
implement,Q6007175
penny,Q234129
royal,Q240845
managing,Q2920921
phillip,Q733021
finish,Q198999
rating,Q1465769
signal,Q174984
victory,Q50000
moment,Q1451745
front,Q346996
index,Q11712088
clearing,Q1099519
strain,Q2353244
presplit,-1
cbsi,-1
disclosing,-1
past,Q192630
responsibility,Q1274115
pump,Q134574
allegation,Q2839009
trustee,Q2047357
purchaser,-1
kistler,Q351948
stockbroker,Q4182927
room,Q180516
doubling,Q1243527
headquarter,Q7540126
protein,Q8054
startup,Q129238
idea,Q131841
restatement,Q7316073
pharmaceutical,Q12140
ici,Q448254
capability,Q5034462
brand,Q431289
graphic,Q1027879
art,Q735
unrest,Q7897387
anchor,Q168432
deterioration,Q3504344
stoppage,Q7619854
harbour,Q283202
extinguishment,Q5422091
solution,Q5447188
design,Q82604
designer,Q5322166
hardware,Q294550
rebound,Q6419670
tandem,Q1752317
accepting,-1
twa,Q7857394
wage,Q6821213
spread,Q1510102
consolidation,Q297534
iron,Q677
oilfield,Q1845437
resume,Q950511
comprising,Q7834470
visit,Q17130325
lukman,Q12795333
coverage,Q5179215
constraint,Q1173877
tension,Q227640
overhaul,Q7113679
cereal,Q12117
freedom,Q24091434
consensus,Q188577
equivalent,Q235935
host,Q242361
automobile,Q1420
proceeding,Q1143604
programme,Q768396
maintenance,Q906409
midday,Q168182
argument,Q186619
reed,Q7585483
candidate,Q618536
file,Q1196501
simmon,Q158356
identify,Q407776
armtek,-1
reph,-1
alpha,Q9887
negotiate,Q202875
republic,Q7270
chemlawn,-1
tactic,Q354906
deter,Q4821052
conagra,Q1123399
beef,Q192628
man,Q8441
marketplace,Q330284
testimony,Q1196258
paradyne,-1
reconsideration,Q60761444
reconsider,Q7302769
icc,Q219343
liquid,Q11435
cutback,Q52205731
redemption,Q125331
fountain,Q483453
carpet,Q163446
seamen,Q420125
petrobra,-1
striker,Q187618
viner,Q7932453
bankruptcy,Q152074
enjoin,Q6495575
space,Q107
revlon,Q1459595
forbe,-1
district,Q149621
mine,Q256955
block,Q6536648
annesley,Q2627150
dome,Q12493
southwest,Q11114344
stone,Q8063
society,Q8425
coalition,Q124964
ally,Q119645
story,Q958511
border,Q133346
rhine,Q584
stretch,Q287593
ban,Q246271
prevent,Q5611828
river,Q4022
expire,Q15906346
taft,Q297056
petition,Q697279
reopen,-1
shift,Q419307
plaza,Q2997369
nordbanken,Q1123823
represent,Q14865097
debtor,Q157470
fermenta,-1
thought,Q9420
coincide,Q2308809
appliance,Q2144709
injury,Q193078
filter,Q108174
realization,Q7301281
lock,Q366453
tremor,Q223907
quake,Q1175605
earthquake,Q7944
pumping,Q967914
installation,Q229454
leasing,Q716894
v,Q9963
mind,Q450
imposition,Q779970
rank,Q4389919
peak,Q1039790
guide,Q14290559
tin,Q1096
insituform,Q6038182
gilt,Q5562623
ecopetrol,Q1282130
panic,Q208450
resident,Q2145687
colonial,Q1552936
pattern,Q2083958
mideast,Q7204
haul,-1
suspend,Q587346
exceed,Q16885327
assumption,Q420391
telecom,Q415898
amendment,Q1269627
standstill,Q7598679
hancock,Q227177
dismissal,Q5282362
fabric,Q28823
charter,Q727002
edelman,Q21448897
inertia,Q122508
speaking,Q52946
fast,Q342933
phone,Q11035
formula,Q976981
sprint,Q1421125
trigger,Q253503
ssmc,-1
degree,Q383185
issuer,Q1337949
concert,Q182832
contrary,Q4381774
antille,-1
soro,Q1199124
fairchild,Q346300
belief,Q34394
carling,Q1041750
accident,Q171558
commerce,Q26643
encor,-1
townsend,Q255226
ferry,Q25653
diver,Q395524
rescue,Q1341429
pier,Q863454
microfilm,Q830450
downtown,Q1050303
tv,Q289
ava,Q11189756
headquarters,Q7540126
mean,Q2796622
stem,Q346340
salary,Q194489
covenant,Q400800
notification,Q3344505
piece,Q410669
escrow,Q338451
governor,Q132050
disaster,Q3839081
harold,Q222254
choice,Q1775867
comply,Q441901
refile,-1
dismiss,Q5282362
safety,Q10566551
deficiency,Q2303330
liner,Q1826496
sinking,Q15847659
coast,Q93352
toll,Q1247950
incident,Q1174821
roll,Q419647
say,Q406865
bow,Q401865
leave,Q401466
salvage,Q539079
investigation,Q345847
door,Q36794
present,Q193168
town,Q3957
landslide,Q167903
marine,Q975041
shipowner,Q500251
shutdown,Q4128962
evaluate,Q1379672
jungle,Q191086
blow,Q360503
km,Q828224
foreigner,Q1272171
sentiment,Q28659447
processing,Q229289
fibre,Q161
cotton,Q11457
circulation,Q205873
metre,Q11573
advertisement,Q37038
removal,Q7312191
obstacle,Q264661
casino,Q133215
sosnoff,-1
personnel,Q656365
layoff,Q1462531
subject,Q2202182
disk,Q224358
inch,Q218593
vogtle,Q947549
remainder,Q846677
crane,Q232612
waterway,Q1267889
amc,Q226483
schedule,Q7271585
pledge,Q7204419
loading,Q2880866
forest,Q4421
threshold,Q359787
waiver,Q797551
par,Q230125
prime,Q49008
efficiency,Q1034411
mass,Q11423
procurement,Q829492
conclusion,Q1399174
creation,Q63244734
alternative,Q2205075
disney,Q7414
renew,Q2143919
khj,-1
formation,Q342542
mitsui,Q899122
shield,Q131559
trump,Q408352
grease,Q348605
monkey,Q1367
wave,Q37172
lake,Q23397
high,Q397088
tap,Q340788
gmt,Q30192
commissioner,Q524778
participant,Q1178827
meter,Q11573
answer,Q570443
voice,Q7390
school,Q3914
laser,Q38867
takefman,-1
moody,Q296126
downgrade,Q1253258
baa,Q356105
probability,Q9492
ruling,Q230037
tobacco,Q1566
fitness,Q523402
bring,Q4968231
forum,Q207829
convention,Q19969914
navigation,Q102066
kwacha,Q1122658
county,Q28575
propane,Q131189
attract,Q4818684
mts,Q225598
drought,Q43059
keller,Q430737
qualification,Q21071764
reading,Q199657
shopping,Q830036
laboratory,Q483242
biotechnology,Q7108
outlay,Q240673
weekly,Q92767868
pagex,-1
renegotiation,-1
working,Q8034885
leaseback,Q633304
benchmark,Q577395
dead,Q4
magnitude,Q25478470
editor,Q194105
harper,Q257813
raising,Q7285138
lowering,Q21072707
rail,Q3417678
wti,-1
timetable,Q7271585
floor,Q217164
dibona,Q1209314
dependence,Q183545
public,Q2388316
examine,Q27318
common,Q1208568
cinema,Q567053
beverage,Q40050
ceasar,Q1048
caw,Q2930992
shoe,Q22676
footwear,Q161928
sun,Q525
soybean,Q11006
agenda,Q342986
corn,Q11575
cbt,Q1022997
couple,Q15643227
chrysler,Q181114
refinance,Q1751574
assume,Q420391
lindner,Q4261994
insure,Q43183
attention,Q6501338
sister,Q595094
worth,Q346903
campaign,Q679087
memory,Q492
fate,Q216774
forcing,Q5467581
effectiveness,Q1296024
caution,Q377906
aqazadeh,Q25432604
importance,Q16886469
brief,Q914068
king,Q12097
poultry,Q178559
meat,Q10990
purchasing,Q1369832
hillsdown,-1
handling,Q1372201
bangladesh,Q902
schilling,Q408950
hillard,Q3135650
affect,Q1184551
drawing,Q93184
meantime,Q6804099
reorganisation,Q1728583
flag,Q14660
pertamina,Q1641044
preussag,Q573103
crash,Q224992
infusion,Q61951
burden,Q354825
plea,Q15916459
reservation,Q2145614
definition,Q101072
freeze,Q409967
defuse,Q649416
discuss,Q52943
anger,Q79871
gro,Q565166
schlumberger,Q1425316
kerridge,Q6394384
dresser,Q1216975
sachs,Q29511214
creditanstalt,Q694468
publishing,Q3972943
make,Q401277
colleague,Q1751358
holiday,Q1445650
gravity,Q11412
choke,Q442586
compensate,Q359765
mile,Q253276
linking,Q224246
physician,Q39631
therapy,Q179661
danish,Q365952
arranging,Q379755
act,Q226469
history,Q309
brother,Q10861465
automaker,Q190117
jeep,Q30113
assembly,Q366378
pass,Q420230
recording,Q399857
recorder,Q1217525
sensor,Q167676
gleason,Q571783
guard,Q413876
silicon,Q670
aluminum,Q663
acting,Q222749
seizer,Q48674256
nominee,Q618536
involvement,Q16886557
oak,Q12004
evidence,Q1347572
losing,Q6683617
chancellor,Q373085
significance,Q2285199
scope,Q2260509
ending,Q16220058
counterpart,Q1137078
print,Q81673
explore,Q6502154
climate,Q7937
goal,Q4503831
verhofstadt,Q56541227
wish,Q241625
one,Q199
railway,Q3565868
marietta,Q1659041
midland,Q227172
complement,Q19924622
bro,Q413395
farah,Q3066784
tier,Q344230
picken,Q21449067
tenneco,Q1509038
bayer,Q152051
paralax,Q165074
invacare,Q4994426
testing,Q27318
qtrs,-1
haft,Q1560144
dart,Q278999
anti,Q346504
copyright,Q1297822
penobscot,Q774932
precision,Q2108242
trico,Q7841232
sponsor,Q396951
rescheduling,-1
establish,Q65045905
publisher,Q3972943
brace,Q896541
thwart,Q1263450
webb,Q349935
decide,Q16774901
mandate,Q233671
penalty,Q237891
training,Q918385
presidential,Q63532478
fruit,Q1364
juice,Q8492
hernandez,Q12175844
japanese,Q346080
advisory,Q25099033
round,Q398690
desire,Q775842
cigarette,Q1578
beer,Q44
walk,Q6537379
tie,Q403069
avoid,Q4829132
dinner,Q657221
aim,Q226531
merchant,Q215536
judgment,Q12621536
intelligence,Q83500
gathering,Q5527345
missile,Q974850
collapse,Q19956728
troop,Q1080137
z,Q9751
renouf,Q7313436
bil,Q860237
bearer,Q4876711
conglomerate,Q225670
kingdom,Q899387
tightening,-1
consultant,Q15978655
lawyer,Q40348
distiller,Q101017
bear,Q11788
write,Q37260
pence,Q234129
speciality,Q7574930
grocery,Q1295201
rowntree,Q7372262
wake,Q1362362
vat,Q351600
ste,-1
complex,Q28839103
leisure,Q180910
pantherella,-1
ounce,Q48013
ball,Q18545
divs,-1
tonnage,Q491774
advice,Q4686783
restraining,-1
intend,Q6044264
mulroney,Q21491429
emerge,Q3724127
inroad,-1
province,Q34876
remain,Q26827887
accessory,Q1044576
shattner,-1
sand,Q34679
switch,Q5320
correct,Q5172812
remittance,Q1351807
turning,Q258127
quixote,Q480
read,Q418416
fluctuate,-1
fulfill,Q5507838
petrosurance,-1
reinsurance,Q476118
boycott,Q179366
neighbouring,Q123705
odger,Q3044517
mercury,Q48397
expand,Q253338
instinet,Q1651946
length,Q36253
christi,Q5109210
cyacq,-1
dixon,Q226512
bancorporation,Q2512624
rainier,Q295573
forma,Q1389390
explosion,Q179057
evening,Q7725
relationship,Q62075492
refuge,Q4430621
aspect,Q38113
observer,Q401355
federation,Q43702
wildlife,Q241741
weigh,Q25288
plain,Q160091
fish,Q152
seaway,Q15945704
nord,Q224360
running,Q105674
feasibility,Q5439522
pilot,Q2095549
gardner,Q232460
century,Q578
biopool,-1
blood,Q7873
restart,Q1175112
netback,-1
granite,Q41177
count,Q3519259
scenario,Q1090839
military,Q8473
baldrige,Q21504787
summit,Q207326
volcker,Q16873859
failing,Q1121708
spirit,Q193291
lyon,Q456
promotion,Q233269
senator,Q2570643
bankshare,-1
manner,Q1620068
win,Q405718
gate,Q53060
interconnect,Q1665949
seal,Q257102
contingent,Q1359069
impose,Q29912949
spur,Q740732
appraisal,Q4781689
cannon,Q81103
gerber,Q1318993
balao,Q4850064
shrs,-1
reg,Q7276324
delaying,Q352862
adsteam,-1
cheetham,Q5089466
slowdown,Q31351
yard,Q482798
cgrt,-1
subroto,Q56540951
turbulence,Q190132
miti,Q1939643
solve,Q42884764
consequence,Q1175608
sandoz,Q507154
pollution,Q58734
alusuisse,Q448042
jucker,Q21517854
rosenmuller,Q56540500
ore,Q102798
thinking,Q9420
vw,Q246
symbol,Q80071
klm,Q181912
belgium,Q31
realignment,Q7301201
meanwhile,Q3303801
mid,Q226756
flumar,-1
weakening,Q27787163
stimulation,Q4114622
telemedia,Q3517315
mountain,Q8502
register,Q217425
sunter,Q7641685
representing,Q7314265
seek,Q7445771
submit,Q7631700
maxtor,Q960876
monitoring,Q2143522
sugar,Q11002
discipline,Q1315911
g,Q9739
weyerhaeuser,Q1780382
rental,Q157171
varity,Q7915946
cablevision,Q48739587
shot,Q1175140
shake,Q222977
veto,Q178074
democrat,Q342240
danger,Q3013486
delor,Q22348772
switching,Q4229952
foreign,Q5468197
stabilise,Q344864
diversify,Q342755
backing,Q798314
citroen,Q6746
sport,Q349
ax,Q39397
conduct,Q5159367
calm,Q15402295
advise,Q290716
theodore,Q233844
siew,-1
modification,Q6889353
conclude,-1
dwt,Q357074
scrap,Q917714
disadvantage,Q5281228
scrutiny,Q7439360
stream,Q47521
instance,Q437448
bhp,Q407387
copper,Q753
queensland,Q36074
consolidate,Q297534
guinea,Q1006
falling,Q416317
poclain,Q687687
outflow,Q7112062
elder,Q7233501
smc,-1
flat,Q354943
sound,Q11461
accelerate,Q11376
inflow,Q16797612
newsletter,Q264238
mee,Q403663
telex,Q66175
hiring,Q5769828
honour,Q207333
bus,Q5638
adjust,Q41441174
banque,-1
standing,Q1986098
aluminium,Q663
bsi,-1
calny,-1
assist,Q416893
warburg,Q968
symbion,Q502012
overhead,Q1862556
zim,Q136198
endotronic,-1
giorgio,Q5905041
gear,Q143873
becor,-1
expression,Q398752
avia,Q27143
check,Q446253
goodwill,Q1199427
confusion,Q557945
lab,Q340640
salant,Q12410095
surge,Q404057
gephardt,Q5548659
existence,Q468777
restore,Q7316232
find,Q535119
reclassification,Q28839039
factory,Q83405
e,Q9907
avaq,-1
participate,Q1178827
outlet,Q7112160
carter,Q223912
forthcoming,Q5472609
cornelissen,Q37498774
living,Q395956
microwave,Q127995
ncr,Q423339
generation,Q213381
lerner,Q1724752
kleen,-1
writing,Q37260
canbra,-1
operate,Q7096677
telemarketing,Q268733
emphasis,Q1339251
controversy,Q1255828
fisher,Q249583
cooper,Q223935
coopervision,Q15030582
dna,Q7430
fbs,-1
fendt,Q666948
weapon,Q728
probe,Q123722
smithkline,Q212322
tissue,Q229448
offset,Q358568
ashland,Q225332
qtly,-1
friction,Q82580
centel,Q5059055
nervousness,Q3338369
react,Q2124100
create,Q5183420
favour,Q347719
enable,Q25193637
prove,Q30762
depletion,Q3044853
repeal,Q4590027
dependency,Q183545
allowance,Q2309332
bar,Q187456
remove,Q7312204
subsidise,Q193219
vital,Q1320884
necessity,Q3679254
profile,Q61875635
push,Q406475
rumour,Q878352
low,Q231459
wait,Q398529
marketer,Q39809
replace,Q396788
waterman,Q410745
compare,Q1720648
diversification,Q355963
band,Q233765
convert,Q235969
convince,Q65079829
citrus,Q81513
concept,Q151885
heritage,Q415651
foam,Q215414
montagu,Q1241797
theta,Q14398
steinhardt,Q1168458
prt,Q350348
basin,Q2887180
relating,-1
south,Q667
economic,Q159810
query,Q7385
apt,Q9626537
heck,Q1592947
withdraw,Q28469944
adhesive,Q131790
merge,Q1323078
reliance,Q402655
norstar,Q6819354
signing,Q7512976
ceremony,Q2627975
content,Q1128596
oman,Q842
basket,Q201097
fill,Q1414137
conjunction,Q226931
confirmation,Q188613
entitle,-1
junior,Q233839
assure,-1
midway,Q226620
reynold,Q36936275
palm,Q231003
palomino,Q1996502
stimulus,Q1172295
administrator,Q358827
pesos,Q244696
suspicion,Q417280
arbitration,Q207946
ink,Q127418
prefer,Q908656
dainippon,-1
abide,-1
overdraft,Q1129100
baht,Q177882
goodwood,Q237605
tape,Q11267285
camera,Q15328
boeing,Q66
vendex,Q3051909
subscribe,Q43006303
code,Q188889
discontinue,-1
fumio,Q16275888
wireless,Q249
petronas,Q221692
indebtedness,Q3196867
harcourt,Q413022
issuing,-1
refinancing,Q1751574
binding,Q137771
siegler,Q21493986
lear,Q417140
guinness,Q194297
allegheny,Q296634
travel,Q61509
averaging,Q202785
drill,Q58964
acceleration,Q11376
helmut,Q18191106
whole,Q7997504
moratorium,Q4302358
radiation,Q18335
continental,Q229138
bojangle,-1
reversion,Q2478414
fitzwater,Q37218713
cnt,Q233574
bottling,Q320096
breakup,Q322451
licensing,Q79719
fend,Q5443212
fleet,Q346949
rabbit,Q9394
track,Q351303
shell,Q224038
swearingen,Q7654171
retire,Q946865
headline,Q1313396
considering,Q5163182
legislator,Q4175034
denman,Q973082
crime,Q83267
expertise,Q381160
scrubber,Q943331
mayo,Q228999
clothing,Q11460
fbt,-1
trucking,Q516739
contribute,Q237302
laidlaw,Q6473773
seidman,Q7446641
ranco,Q353230
dispose,Q5282669
hawker,Q1222986
greenmail,Q2260952
wagner,Q1511
signature,Q188675
maple,Q42292
leaf,Q33971
gelco,Q5530392
generating,Q5532552
privatise,Q161500
page,Q224749
cycle,Q225014
champion,Q852061
perception,Q160402
feel,Q395112
beginning,Q4880495
trying,Q92775356
drink,Q40050
lifestyle,Q346799
bombay,Q1156
foothold,-1
rupee,Q178843
dip,Q233382
draw,Q234634
investigate,Q345847
rpt,Q397425
fairfax,Q245828
slash,Q229049
understanding,Q46744
shore,Q468756
take,Q1124733
prediction,Q748250
discovery,Q211051
roxy,Q403375
babcock,Q29949678
imaging,Q1038886
sustain,Q290667
contrast,Q295554
nic,Q19968244
countrywide,Q5177565
ccr,-1
insect,Q1390
sample,Q1570376
baking,Q720398
pillsbury,Q447809
equal,Q5384104
widening,Q20812556
omits,-1
prepayment,Q7240650
affiliation,Q382466
ingredient,Q10675206
condom,Q14076
mention,Q1603129
reflect,Q120429
api,Q165194
woman,Q467
baird,Q410408
quaker,Q170208
psy,Q20150
miller,Q694116
electronics,Q11650
love,Q316
suggest,Q690194
ameritrust,Q1740314
giant,Q3707571
liberalization,Q746418
ambassador,Q121998
meaning,Q813854
n,Q9937
clorox,Q910368
imposing,Q16934483
reciprocity,Q1350049
warplane,Q216916
warship,Q3114762
strait,Q37901
windfall,Q1208720
krung,Q3429088
saunder,-1
dutch,Q1267799
strengthen,-1
rainbow,Q1052
collin,Q1109586
delegate,Q1184054
treaty,Q131569
clause,Q117364
perry,Q2047030
democracy,Q7174
pubco,Q7257246
fmr,-1
finland,Q33
carteret,Q1045884
wendy,Q4018995
multiple,Q3327686
colorado,Q1261
safeguard,Q3271761
audio,Q4650720
odd,Q407985
kokusai,-1
denshin,-1
jurisdiction,Q471855
dupont,Q232406
manage,Q2920921
distribute,Q225802
att,Q298495
liquor,Q56139
tmi,Q515325
gpu,Q228194
delta,Q903600
icn,-1
spokesperson,Q17221
ecolab,Q1282031
newhall,Q415995
halcyon,Q1293287
lighting,Q210064
roger,Q4925304
minorco,-1
suharto,Q44819
urge,Q396341
leadership,Q484275
naira,Q203567
incorrect,Q16879044
trademark,Q167270
uruguay,Q77
inclusion,Q341771
judge,Q16533
brewer,Q869095
barwon,Q2266524
jackson,Q190170
dinar,Q191830
welcome,Q13109234
comprise,Q16886929
refunding,Q7307698
mini,Q36024
judgement,Q12621536
silkworm,Q134747
weinberger,Q21450753
copy,Q55368
prohibiting,-1
taxation,Q8161
leading,Q1968967
bonn,Q586
ranging,Q1643652
dawkin,Q21508013
hydrocracker,Q212749
enquiry,Q21004260
commenting,Q10953930
accept,Q4672359
wickes,Q7998350
wicke,-1
ditch,Q2048319
dumping,Q399141
oki,Q296025
award,Q618779
improve,Q21255975
coke,Q292816
tonka,Q1645436
photo,Q125191
moto,Q527891
title,Q216353
command,Q10781077
wolverine,Q14334
enter,Q161935
regency,Q477406
freedman,Q841571
nortek,-1
rexham,-1
excise,Q159579
brunswick,Q257733
bowling,Q3177899
elect,Q40231
mhi,-1
sterivet,-1
cme,-1
serve,Q1176587
fiber,Q161
pressing,Q3402603
miyazawa,Q21488041
swire,Q1141162
regime,Q5589178
apea,-1
succeed,Q15808312
ministerial,Q346786
mechanism,Q393987
unwillingness,-1
yuan,Q226153
tmoc,-1
santo,Q406964
merit,Q673579
rrt,-1
persuade,Q1231428
concentrate,Q1355665
concepcion,Q109182
hormuz,Q347009
kdi,-1
triangle,Q19821
commercial,Q4399563
stat,Q235342
contain,Q1128498
speculating,Q107885
claremont,Q294388
tackle,Q242511
add,Q32043
measurement,Q12453
nursing,Q121176
lamborghini,Q35886
spa,Q1341387
wilkinson,Q397485
contributing,-1
flower,Q506
jewelry,Q161439
catalog,Q64221206
polyester,Q188245
dissolution,Q416674
op,Q226362
growmark,Q5611697
cooperative,Q4539
speculator,Q107885
viratek,-1
groundwork,Q5611035
diesel,Q1221452
finalize,Q1416126
pdvsa,-1
minstar,-1
potash,Q10564271
fertilizer,Q83323
bayou,Q812585
dealership,Q5245910
volkswagen,Q246
tell,Q365335
sumita,Q1354773
jardine,Q21492107
starch,Q41534
milling,Q18230399
bat,Q28425
wiggin,Q21498310
premier,Q959664
progressive,Q350611
bicc,-1
egg,Q17147
iagifu,-1
fesharaki,-1
png,Q254317
petromineral,-1
mcfarland,Q414715
covering,Q5179248
statoil,Q1776022
linotype,Q6554757
setting,Q351657
violate,Q7933104
tseng,Q2603704
traveler,Q2450618
argentine,Q2365041
breakwater,Q4959694
novamin,-1
pep,Q16881108
seaxe,-1
tcby,-1
glatfelter,Q726654
lennox,Q178408
shipyard,Q190928
deliver,Q3705086
messidor,Q837281
hamburg,Q1055
receivables,Q16881927
combustion,Q133235
gateway,Q232330
sporting,Q398098
stay,Q253287
identity,Q227672
oxford,Q34217
morse,Q226572
labatt,Q1422061
attain,-1
bamberger,Q21493428
snc,-1
eye,Q7364
cleaning,Q17200001
modulaire,-1
library,Q7075
examination,Q17987816
southern,Q407522
dayton,Q34739
ambrit,-1
telegraph,Q721587
plunge,Q7205509
meinhardt,Q6810179
prevailing,Q7242336
walter,Q246836
bp,Q152057
brkn,-1
guaranty,Q16246919
euromarket,-1
west,Q679
credibility,Q1530061
breaking,Q1295363
pinola,Q2095986
fluorocarbon,Q425094
presentation,Q604733
successor,Q939330
alliance,Q878249
het,Q424795
comite,Q168065
luxembourg,Q32
blockbuster,Q340372
mulford,Q166059
assistant,Q361991
tex,Q351781
predecessor,Q16881385
fruehauf,Q1470870
occur,-1
han,Q644137
ray,Q2281087
x,Q9968
healthmate,-1
rhetoric,Q81009
repeat,Q1206944
meyer,Q225858
specific,Q7574974
might,Q6844070
interstate,Q94247
heller,Q227985
spc,Q281319
slope,Q275447
leonard,Q948418
anticipate,Q255266
transworld,Q7835462
ffmc,-1
strata,Q12758989
herstatt,Q880268
extend,Q295785
keswick,Q451384
object,Q2011843
star,Q523
rhm,-1
thyssen,Q413509
window,Q35473
nakasone,Q21449216
countertrade,Q1780840
pose,Q29034095
keefe,Q6382690
spartech,-1
oustanding,-1
pak,Q298145
worsen,-1
amortization,Q4064479
bull,Q693690
valhi,-1
suspending,-1
abolish,Q2266109
fecs,-1
peg,Q2044005
treasurer,Q388338
outline,Q4383565
avert,Q4655041
predict,Q748250
steep,Q7605896
fleming,Q379425
edward,Q278835
basf,Q9401
hedging,Q1593238
rugby,Q227861
und,Q234808
grouping,Q5611311
callebaut,Q1027218
amylum,Q41534
afg,Q250298
sage,Q3260592
metromail,Q7398895
mexico,Q96
oppenheimer,Q21431219
trailer,Q230175
cornerstone,Q1133673
restrict,Q7316284
son,Q177232
gibb,Q452023
clbga,-1
tfb,-1
american,Q463180
key,Q242186
frost,Q4590598
hall,Q240854
performing,Q35140
non,Q403599
deny,Q17129304
presidency,Q3558349
professor,Q121594
condensate,Q1781176
kelman,Q6386388
csr,Q292926
concentrating,-1
rouble,Q15788
sword,Q12791
minimum,Q845060
pioneer,Q2096314
amcor,Q460307
nzfp,-1
werner,Q296770
generale,Q83460
jewelmaster,-1
spectrum,Q654182
interlink,Q6047101
providing,-1
gardini,Q28874244
bringing,-1
ecus,Q273724
gandalf,Q177499
ms,Q204674
ensure,Q5380065
meadow,Q7777019
intercontinental,Q1240810
see,Q384351
weis,Q1034992
matsunaga,Q21492053
harding,Q245877
pcr,Q176996
hanover,Q1715
wor,Q563770
chirac,Q2105
give,Q5565592
afford,Q531136
hurting,Q5948755
briefly,-1
proposing,-1
corporate,Q167037
heyman,Q30242516
inverness,Q160493
eep,Q238186
sim,Q225236
welbilt,-1
royex,-1
corona,Q2121324
naturalite,-1
imperial,Q226342
back,Q133279
cease,Q5055756
substitute,Q413640
carrying,Q1045331
avon,Q233796
climb,Q5133663
diablo,Q232018
innovex,-1
continue,Q5165384
coming,Q1113766
taking,Q166332
cap,Q6147804
horner,Q28199867
chase,Q226427
fomc,-1
rush,Q227463
bottom,Q416683
chargeoff,Q5074237
emery,Q403209
farmland,Q3395383
seipp,Q2266900
circle,Q17278
promise,Q1425577
refer,Q7307090
chalmer,-1
hoogoven,-1
swedish,Q298714
citadel,Q88291
caesar,Q1048
ajinomoto,Q412826
depositary,Q1191707
vision,Q1714531
mercantile,Q601401
blip,Q4926796
appropriation,Q621724
deak,Q56538129
barne,Q16479487
barter,Q484830
penney,Q16881094
austrian,Q397257
bancshare,-1
peabody,Q403121
accrual,Q384475
deutsche,Q366068
loh,Q409320
pcgg,-1
soriano,Q403257
compromise,Q726686
ucpb,-1
avana,Q17081059
ordnance,Q7100867
float,Q406754
leed,Q6515782
permitting,-1
westlb,-1
electromedic,-1
fragrance,Q2151963
centurion,Q26409
paint,Q174219
stoltenberg,Q550340
east,Q684
strenger,Q37212985
saga,Q180494
agip,Q377915
eysken,-1
citing,Q1713
wessanen,Q2246923
mccrory,-1
sulphur,Q682
pope,Q19546
memotec,-1
conable,-1
elevator,Q132911
eliminate,-1
orion,Q104387
montreal,Q340
frontier,Q1355821
communique,Q628523
dilute,Q16033661
myer,Q1110323
feeling,Q205555
ocean,Q9430
oecd,Q41550
iea,-1
foster,Q226141
braverman,Q21492334
agl,Q292371
holme,Q340483
wormald,Q51885032
howard,Q3595959
datron,-1
bean,Q379813
marion,Q1165347
valuing,-1
upward,Q7899476
liberty,Q2979
dump,Q416001
carroll,Q231840
cummin,Q132624
iowa,Q1546
berry,Q16128920
intermedic,-1
shirt,Q76768
republicbank,-1
smithson,Q21475341
bowater,Q895392
montagne,Q228183
fly,Q25312
blame,Q621695
coconut,Q13187
interim,Q4895105
expect,Q2642029
proxmire,Q1894476
poehl,Q963388
paperboard,Q14934005
providence,Q224317
agrimont,-1
malpractice,Q318836
chamber,Q4870820
pacemaker,Q372713
spie,-1
batignolle,-1
comstock,Q402883
showboat,Q17149955
gaming,Q533967
allegi,-1
pettee,-1
hartmarx,Q5675052
xebec,Q837491
reaffirm,-1
cat,Q146
vulcan,Q384315
cascade,Q1046834
wojnilower,-1
slate,Q207079
hawkeye,Q231898
persistent,Q7170396
threaten,Q707125
background,Q1619726
burmah,Q4999360
france,Q142
lex,Q246094
reaffirmation,-1
saver,Q7428168
fslic,-1
wimpey,Q5546426
clevite,Q5132340
dig,Q4232202
lvi,-1
rehabilitation,Q227301
salt,Q11254
sprinkel,-1
balladur,Q12959
realty,Q10494269
lieu,Q1824387
faygo,Q2580010
coarse,Q5138057
stck,-1
label,Q722218
lichtblau,Q96477864
wholesale,Q220695
mki,-1
patient,Q181600
seeking,Q7445771
making,-1
atcor,-1
moore,Q117753
strengthening,Q604164
sama,Q416651
pennzoil,Q2562491
commonwealth,Q2578692
effective,Q1296024
crzy,Q27536538
fail,Q1121708
eddie,Q295609
montgomery,Q223831
richard,Q1249148
pentland,Q2069464
genetic,Q1247963
resdel,-1
mainframe,Q177234
macandrew,-1
tuskaloosa,Q1323725
optic,Q14620
aristech,-1
marshall,Q217983
cast,Q365229
fishing,Q14373
specify,-1
dreyer,Q21507264
merrill,Q402896
foodservice,Q41958
means,Q1216688
starting,Q257117
colon,Q1110523
lessen,Q667790
attend,Q4818211
planter,Q739104
inn,Q256020
quoting,Q1603129
arctic,Q25322
beaver,Q47542
schlesinger,Q23835490
abandon,Q397584
coniston,Q399031
valor,Q16726223
physics,Q413
argosystem,-1
aramco,Q679322
porex,-1
ward,Q229213
growing,Q1547817
peerless,Q1783748
pharmacontrol,-1
dropping,Q496
brook,Q346604
mpb,Q403679
wyse,Q2595760
computerland,Q5157400
samjen,-1
ammeen,-1
denim,Q652698
etl,Q444479
german,Q348514
steuart,Q2346365
music,Q638
pointing,Q12013533
redland,Q427515
montrose,Q229098
hodel,Q1622675
honor,Q207333
greenspan,Q414927
bay,Q39594
coating,Q1570182
saw,Q125356
belligerent,Q2363432
hollinger,Q966623
restricting,-1
westpac,Q2031726
shultz,Q15730693
kwik,Q6450411
prebble,Q2108182
contractual,Q93288
sorg,Q7563450
close,Q420328
loma,Q403934
gillette,Q503592
seger,Q21491492
rochester,Q218292
dockworker,Q1537445
docker,Q1537445
street,Q79007
perelman,Q21491138
filde,-1
sainsbury,Q2212276
come,Q1113766
inoc,Q16425375
bpcc,-1
electrospace,-1
deluxe,Q398301
tug,Q191826
trailway,-1
greyhound,Q38571
smit,Q2122984
inspection,Q1137655
customs,Q182290
vr,Q229665
rodriguez,Q395850
peripheral,Q178648
tektronix,Q1347679
saur,Q2227674
join,Q413109
westworld,Q28135282
turkey,Q43
nazer,Q6983373
pasta,Q178
ali,Q39619
adhere,Q88075159
courtauld,Q5178451
datacard,Q5227423
bakery,Q274393
macgregor,Q1882419
baxter,Q250143
debartolo,-1
carolco,Q1044291
srd,Q130591
torotel,-1
tecsyn,-1
rko,Q267282
rorer,Q21507333
barclay,Q403064
distillery,Q101017
eurodollar,Q1374984
going,Q1229901
jack,Q224322
wrong,Q6765918
arrive,Q29912990
spencer,Q226336
mobile,Q228924
ekofisk,Q1323379
norway,Q20
cosmo,Q420596
onyx,Q180884
intercep,-1
den,Q416665
calmat,-1
communist,Q6186
initiate,Q20999220
crellin,Q37482561
louvre,Q19675
weighing,Q25288
speaker,Q253510
mcguinness,-1
northview,Q414610
multifood,-1
adventure,Q1436734
recognise,Q13725110
adopt,Q180472
wilhelm,Q2850854
receiving,Q7302330
